2fd5e3d3ecd3ca162227d5551c073803,10.00
b56906bed7f1a76bf2265115888d3758,15.00
37096b90ba18fe1651ee91c341416843,50.00
ae143e46f57b71f4b2ab5a35be6a1fbb,15.00
5c6c0d80b80a82cb227b139089fff403,15.00
be2094dfeee1420313f952c19b64175d,25.00
dd8e9780219fef842a1a62b12770bef2,25.00
38e675d7ca387e798f23711071d65d8f,40.00
84221b8fbc5a574ba5f7d443e37cf5bd,50.00
7079264ffa844e09a59627a9af962498,25.00
354db4c62b2e43692ad70d4bb7c4cd17,25.00
ca8c2d8a9a92ac1963d5a3570cf4f504,40.00
3586c9e68a726b180daacd3331ecdfbc,50.00
91a314c5184a347d9447d35f025f4283,15.00
1b5360c6857bcfb847357bf347288f5a,15.00
d0083f15974892cd655d243ad68a2a42,25.00
abe1cf8541f671984cb8efdb031be385,40.00
a46ed4d41375bc96fee9bb99fdb7bb63,50.00
a6ed5459a9833af498a652b888ae459f,10.00
2c284370791b213eb378a020a837ae9d,20.00
5b235ee8bd83ac606efc04e1cf19f139,20.00
8937d5fbe637b26f5c5db3204473beab,30.00
18c0ccc1087bdc3a2b6b38ed2848554b,50.00
c82545918170b4957ef7297d1f3a30e6,15.00
4ca55d46b15d68427e30f1fc5bd47a12,15.00
71b1bccb1b174846182b5e32a0015a04,25.00
2bda4eb94ffab1cbf43718708f408c4a,40.00
3d1553dcc0c7f1a5a2d9e884167a68bd,50.00
89aeaaa81da1cdd3318fcf0a3878cd94,20.00
84602b19ed61a397fc8e889605b31f44,25.00
13e42f7830b462079d9a55ed20c6515b,15.00
982dc859c04dd482561a384e13800cb9,15.00
7ad87ee2f428f2b741bd889ba1e819d6,25.00
9d99495d672eae05baa536533854ede9,40.00
43ec6ba6cbffde3b1db737e74aed481c,50.00
1a43b405e371b5de6c2ad5b5bdad4f0f,50.00
b37eee398d09048f50bc15eaf992ddf9,25.00
ef810bed96dba1e9fda46daedd06c062,25.00
8c9c3d6146a4662b435c561691c035a6,25.00
bc827a4d4372662961ecc54c515c979a,15.00
65c4d822802e9094f0f167350b53d482,15.00
961918076102598e7cba5c303d79b558,25.00
c0cf18af2e07c21b10fa1b97e76e8be3,40.00
ac8eeb9f955ece7565ec009fcf3f5090,50.00
a316425a97fbb6ce14460c637da1f251,15.00
cc4787d2777904f8ed0f63f13d923af5,15.00
33d3f8c25285463630920854e65d4dd4,25.00
1c353fa4204b87f6120e657890fbe815,40.00
d634fad3c288dbc5c00ad03a0fa280ec,50.00
553dacff51bcd1f1fd3847083128b1a1,15.00
d245f16d63e1b255c9b1c38dd563c60d,15.00
b3a5f5fc708883d98c743536842901fd,15.00
4a5ba3676cb83883dcd68860dc706faf,15.00
cb5b5123fb920426710ffca9e7437ef2,15.00
5b2d894d0948540fa29d4a3b2f1db9a0,20.00
96d9b58f31eb62c62b61d0513251421f,50.00
fa3be39c94a758b5610551d9a94f2e76,20.00
ce6230f251bed077ac99d99fba51b6bf,50.00
64e287b265ec16dd8f34a95c4419ea96,20.00
d6ab55bf68e2be4ea3306dd81d7d701d,50.00
19ae6c3091019254169d64490eb51285,20.00
220cf1ff22a9e57e02824dfc6c85230e,50.00
3dc845d65968d8501643297ac51cfe96,15.00
0d19b9074435b2c6a56c2d31f26acc72,25.00
41ca3831649806a78c33ab3cb65f7b90,25.00
e29245a2627428aabc177a007df2ce8a,25.00
7cc05f8224850aea9d2dd9a1678cb7ee,40.00
c8a68ed1671fe5cd2acdee8cea0f637f,50.00
qwHVA4gZJSNsXhmv1fXzYwEtZbx0jeYWhmFroiyf,5.00
cDLZHXFGH0DVTVWo5ERxjadSaro4QuMp5PsPhjng,10.00
thtuPpXk7Bdk5fGctilERi8CvEdGB9yYbO1ULkt3,25.00
QdVDQJRfs2ceEsdpnLt1BkBoaX5UccJJhpRdDDpD,25.00
GNznhmBItK912LVuB1zQZ6JP7OjXeXj8ewJp91gs,25.00
A9gLBiJLDNTpLJn3Pmr17Nbbbz0xNe32zLdEhQlm,25.00
9CiUZ1IHxoykXMWr9XlqRdsTRSEdzUHIThXK9hGV,25.00
yFe2McMZBfmjtIZOXUiIRKCCxhh23N18UNlbWwl3,25.00
FL38VnMNz57a1aP0q6NodDZyzDbXK1Pv7cDevgkq,25.00
YFPtq6mldcsRq7xMoPm8AobuavIfSht9y6BYwfaZ,25.00
jIbEMDuSTa2KhP9ElSoEfCaaK04sUTavnZftVJsk,25.00
GeJFsIG5PSIl7hKbo427ULSYMVl4VTQUqWzyhiUB,25.00
sFmysvkQ2UCwf8roNh5bZQ42EwFS8Pa3hTOYv2Bi,25.00
zIME9qf3Es8Y7ufhCdKJjsJKF6rC0AFEgvPt6ei3,25.00
u9XMBVXcVRwCLKqtb3K5k1aPUrK5AfEpC9nJjQjQ,25.00
AcAoRHlEtoeBelJJGagVCVzE1QEIa9U1l8lFt3li,25.00
iZtuxZmcqeQg3oiOyxtSxjExbxFnuxXpQXTt40RN,25.00
GLh9gAOZbFBrpKaaIIE1UxrKTwoix9G4i2ofPMyE,25.00
C0471VHis9OBbDGi16b2hx7cfNxZAWf3EQmrq74L,25.00
W7Yc2SuC5YK0zog8YbUxsNIYbAVbvL210NdclENR,25.00
oCTJKNvFx3DwmbhlQaziXULpdKtqwBs8hKv8FlHb,25.00
ypEcT0pp6RggK4LzMo6GzaKxviVgVmcxVEJiy1I9,25.00
8KILUJvtm9ZMbvadSczsDW3BHDxCuomD45B8zuSn,25.00
lst9e5er2j4WMdKTCcjVrW29YS3PawrgkmUSvuU5,25.00
LtR4SfaEQ1I4rOvcKmNXYP1IGGaacfla65W9ZEtc,25.00
jd9vplgxZkIvnOTYpIyWLWPNsjuWAEhcpS2TVY8O,25.00
BrwAKQuWRjTeCpgvaczYEzsfDsyJ5MRkClQnL4yU,25.00
nnQgcSULBROCDzEcgR8gZCKbZwWIKv2Ba5VGglZq,25.00
0s5g77hw3kxnvBdgmLyPi4dWcH0SkDtIINN6l4YK,25.00
0tGaCsp94SkZ6FNo0c0QcDpbQGQhsfQhSiB4qDPn,25.00
3V5SvT8YdTYD9QB1g9OT3UFLvvN53PZN0PksxGBO,25.00
hcUpYHoJTtnTcZ5jEKAbiEGh4yta6T4wzc3opTYI,25.00
63ITS4H3STzk1pjXTP89xiJaBJ4mEtbRL9ej7ovv,25.00
gbE6DLMIPeaCsnOOwbEteU90nKBM3C1v2YZDt2Av,25.00
Bg4l2p09EhTW3UDVuzAx068MgpxE41bvLs9oGHFp,25.00
W2UTQhBMLuL5l1kPSBAD38lOyZcohR6w0jk8n1jS,25.00
htRrvFlU3o431VMJCuYFSQXS77xRJmyoSl5ycsJP,25.00
hEntW3hv14bVB5GqGpYkhw0abwqQCQAyRDnxYb2R,25.00
W1ELwHJIkMKqIFbktnMkw1x8h8Gfm88jQyEdspuW,25.00
bQCiRg9uAHm9AfQXbyCpiEjkBw62XnIzR1eEgXIk,25.00
QzAugOv14kNSaQUr9iXw8l9UNexeJWvLmLnUu2gr,25.00
kZ4UnmuIeUHFHQX2WLHVwIMfn6trvnb4MWDER2N7,25.00
sXChlCyXgIc1BcfMaOAIXWyJ8mixv6ff89OIPgsX,25.00
94Ovxu4yzzp3fPhEj75Hso3KgAkMZOCqP5R424YH,25.00
W765TCNByTxlDIsDx9JHkVEMEA4yNYmglkhSlaiF,25.00
l6AK3ZGwiHIOZazJDuTMxP5lSccY7onGPV7x138v,15.00
WxZipfYU4GsBxCCXhYxefUmDnPgSxQf1x3txcs2o,15.00
XqBRhr2XUGj1YsbPaGsBZa1WBaDKkirSm7utdvc7,25.00
2NnIa6bibanNv4jWW5McRahLzZBV1MgH2UQY04QK,40.00
sVjzRcCldBOFcNXHUYS15adlMweYaTuGzrrloprQ,50.00
