Yzeure;46.56438,3.35495;FR;13435
Yvetot;49.61744,0.75814;FR;11232
Yerres;48.71667,2.5;FR;28897
Woippy;49.15,6.15;FR;13721
Wittenheim;47.81667,7.33333;FR;15747
Wittelsheim;47.80947,7.24154;FR;10220
Wattrelos;50.7,3.21667;FR;42826
Wattignies;50.58333,3.05;FR;14766
Wasquehal;50.66667,3.15;FR;19320
Voreppe;45.3,5.63333;FR;10214
Voisins-le-Bretonneux;48.75,2.05;FR;13486
Voiron;45.36667,5.58333;FR;22114
Vitry-sur-Seine;48.78333,2.4;FR;81001
Vitry-le-Francois;48.73333,4.58333;FR;17250
Vitrolles;43.46,5.24861;FR;38591
Vitre;48.13333,-1.2;FR;17266
Viry-Chatillon;48.66667,2.38333;FR;31131
Viroflay;48.8,2.16667;FR;16137
Vire;48.83333,-0.88333;FR;14603
Vincennes;48.85,2.43333;FR;45923
Villiers-sur-Marne;48.83333,2.55;FR;30252
Villiers-le-Bel;49.00875,2.39819;FR;27028
Villeurbanne;45.76667,4.88333;FR;131445
Villetaneuse;48.95833,2.34167;FR;12025
Villers-les-Nancy;48.66667,6.15;FR;15899
Villers-Cotterets;49.25311,3.09003;FR;10068
Villepinte;48.96203,2.53253;FR;37114
Villeparisis;48.94208,2.61463;FR;23931
Villeneuve-sur-Lot;44.4,0.71667;FR;25869
Villeneuve-Saint-Georges;48.73333,2.45;FR;30881
Villeneuve-Loubet;43.65,7.11667;FR;14354
Villeneuve-les-Avignon;43.96667,4.8;FR;13451
Villeneuve-le-Roi;48.73333,2.41667;FR;17575
Villeneuve-la-Garenne;48.93935,2.31478;FR;22036
Villenave-d'Ornon;44.76667,-0.55;FR;30347
Villemomble;48.88333,2.5;FR;28001
Villejuif;48.8,2.36667;FR;48048
Villefranche-sur-Saone;45.98333,4.71667;FR;32994
Villefranche-de-Rouergue;44.35,2.05;FR;14030
Villefontaine;45.61667,5.15;FR;19749
Ville-d'Avray;48.81667,2.18333;FR;11431
Vigneux-sur-Seine;48.7,2.41667;FR;26692
Vieux-Conde;50.45,3.56667;FR;10773
Vierzon;47.21667,2.08333;FR;29876
Vienne;45.51667,4.86667;FR;32293
Vichy;46.11667,3.41667;FR;27019
Vesoul;47.63333,6.16667;FR;19892
Vertou;47.16667,-1.48333;FR;22921
Versailles;48.8,2.13333;FR;85416
Verrieres-le-Buisson;48.75,2.26667;FR;16789
Vernouillet;48.71667,1.36667;FR;11783
Vernon;49.09292,1.46332;FR;26037
Verneuil-sur-Seine;48.97388,1.9648;FR;16790
Verdun;49.16667,5.38333;FR;21798
Venissieux;45.68333,4.88333;FR;57584
Vendome;47.8,1.06667;FR;19226
Vence;43.71667,7.11667;FR;18668
Velizy-Villacoublay;48.8,2.18333;FR;21741
Vaux-le-Penil;48.53333,2.66667;FR;11758
Vauvert;43.7,4.28333;FR;10798
Vaureal;49.03333,2.03333;FR;20699
Vaulx-en-Velin;45.78333,4.93333;FR;37489
Vanves;48.83333,2.3;FR;26068
Vannes;47.66667,-2.75;FR;54020
Vandoeuvre-les-Nancy;48.65,6.18333;FR;31785
Valreas;44.38333,4.98333;FR;10211
Vallauris;43.58333,7.05;FR;27286
Valfin-les-Saint-Claude;46.43333,5.85;FR;12966
Valenton;48.75,2.46667;FR;11969
Valentigney;47.46667,6.83333;FR;12608
Valenciennes;50.35,3.53333;FR;44821
Valence;44.93333,4.9;FR;63864
Valbonne;43.63292,6.99911;FR;12633
Vaires-sur-Marne;48.87649,2.63982;FR;12547
Ussel;45.55,2.31667;FR;11384
Tulle;45.26667,1.76667;FR;16969
Troyes;48.3,4.08333;FR;60785
Triel-sur-Seine;48.97818,2.00743;FR;12574
Tremblay-en-France;48.94956,2.5684;FR;35591
Trelaze;47.44565,-0.4654;FR;11740
Trappes;48.78333,2;FR;28367
Tours;47.38333,0.68333;FR;141621
Tournefeuille;43.58333,1.35;FR;29124
Tourlaville;49.63333,-1.56667;FR;18273
Tourcoing;50.71667,3.15;FR;91574
Toulouse;43.60426,1.44367;FR;433055
Toulon;43.11667,5.93333;FR;168701
Toul;48.68333,5.9;FR;17680
Torcy;48.85,2.65;FR;24386
Tinqueux;49.25,3.98333;FR;10197
Thouars;46.97602,-0.21507;FR;11517
Thonon-les-Bains;46.36667,6.48333;FR;31684
Thionville;49.36667,6.16667;FR;44311
Thiers;45.85,3.56667;FR;13739
Thiais;48.76667,2.38333;FR;29724
Tergnier;49.65607,3.30107;FR;15475
Taverny;49.02542,2.21691;FR;27271
Tassin-la-Demi-Lune;45.76667,4.78333;FR;16920
Tarnos;43.5417,-1.46281;FR;11554
Tarbes;43.23333,0.08333;FR;52106
Tarascon;43.80583,4.66028;FR;14735
Tarare;45.9,4.43333;FR;10806
Talence;44.81667,-0.6;FR;42579
Talant;47.33694,5.00888;FR;12082
Suresnes;48.87143,2.22929;FR;44697
Sucy-en-Brie;48.76667,2.53333;FR;25014
Strasbourg;48.58333,7.75;FR;274845
Stiring-Wendel;49.2,6.93333;FR;13085
Stains;48.95,2.38333;FR;32601
Soyaux;45.65,0.2;FR;11220
Sotteville-les-Rouen;49.40972,1.09006;FR;30619
Sorgues;44,4.86667;FR;18681
Somain;50.36667,3.28333;FR;12310
Sollies-Pont;43.18333,6.05;FR;12052
Soisy-sous-Montmorency;48.98813,2.30156;FR;17436
Soissons;49.38167,3.32361;FR;31100
Six-Fours-les-Plages;43.1,5.85;FR;34779
Sin-le-Noble;50.36667,3.11667;FR;17682
Seyssinet-Pariset;45.17676,5.69387;FR;13473
Seynod;45.88333,6.08333;FR;18590
Sevres;48.81667,2.2;FR;23724
Sevran;48.94472,2.52746;FR;47334
Sete;43.40176,3.6966;FR;40736
Septemes-les-Vallons;43.4,5.36667;FR;10220
Sens;48.2,3.28333;FR;28700
Senlis;49.2,2.58333;FR;19160
Selestat;48.26667,7.45;FR;18941
Sedan;49.7,4.95;FR;20620
Seclin;50.55,3.03333;FR;12214
Schiltigheim;48.6,7.75;FR;32289
Sceaux;48.78333,2.28333;FR;21511
Savigny-sur-Orge;48.66667,2.35;FR;39698
Savigny-le-Temple;48.56667,2.58333;FR;25925
Saverne;48.74164,7.36221;FR;12439
Saumur;47.26667,-0.08333;FR;33229
Sassenage;45.20531,5.66515;FR;10641
Sartrouville;48.9482,2.19169;FR;53980
Sarreguemines;49.10995,7.06747;FR;24446
Sarrebourg;48.73333,7.05;FR;14677
Sarlat-la-Caneda;44.88902,1.21656;FR;11126
Sarcelles;49,2.38333;FR;57979
Saran;47.95,1.88333;FR;16243
Sannois;48.96667,2.25;FR;26869
Sanary-sur-Mer;43.11667,5.8;FR;19166
Salon-de-Provence;43.63333,5.1;FR;41397
Sallaumines;50.41667,2.86667;FR;10637
Sallanches;45.94423,6.63162;FR;16725
Saint-Sebastien-sur-Loire;47.20768,-1.50332;FR;29238
Saint-Saulve;50.36667,3.55;FR;11303
Saint-Remy-de-Provence;43.78848,4.83167;FR;10562
Saint-Raphael;43.42332,6.7735;FR;34918
Saint-Quentin;49.84889,3.28757;FR;55407
Saint-Priest;45.7,4.95;FR;41641
Saint-Pol-sur-Mer;51.03116,2.33984;FR;23635
Saint-Pierre-des-Corps;47.38623,0.74849;FR;15284
Saint-Paul-les-Dax;43.73333,-1.05;FR;11839
Saint-Ouen-l'Aumone;49.04353,2.12134;FR;22977
Saint-Ouen;48.9,2.33333;FR;39353
Saint-Orens-de-Gameville;43.55,1.53333;FR;12576
Saint-Omer;50.75,2.25;FR;18250
Saint-Nazaire;47.28333,-2.2;FR;67054
Saint-Michel-sur-Orge;48.63333,2.3;FR;20824
Saint-Medard-en-Jalles;44.9,-0.73333;FR;29742
Saint-Maximin-la-Sainte-Baume;43.45,5.86667;FR;15225
Saint-Max;48.7,6.21667;FR;11123
Saint-Maurice;48.81667,2.43333;FR;14282
Saint-Maur-des-Fosses;48.8,2.5;FR;75402
Saint-Martin-d'Heres;45.16528,5.76337;FR;35528
Saint-Martin-de-Crau;43.63333,4.81667;FR;11555
Saint-Martin-Boulogne;50.72691,1.61864;FR;12414
Saint-Mande;48.83333,2.41667;FR;21261
Saint-Malo;48.65,-2.01667;FR;50676
Saint-Louis;47.58333,7.56667;FR;20871
Saint-Lo;49.11667,-1.08333;FR;21722
Saint-Leu-la-Foret;49.01667,2.25;FR;16075
Saint-Leu;46.7306,4.50083;FR;29278
Saint-Laurent-du-Var;43.66667,7.18333;FR;29516
Saint-Just-Saint-Rambert;45.49973,4.24141;FR;14313
Saint-Junien;45.88867,0.90143;FR;11553
Saint-Julien-en-Genevois;46.14434,6.08256;FR;10108
Saint-Jean-de-Luz;43.38333,-1.66667;FR;14514
Saint-Jean-de-la-Ruelle;47.91667,1.86667;FR;17522
Saint-Jean-de-Braye;47.9,1.96667;FR;19874
Saint-Herblain;47.21667,-1.65;FR;46898
Saint-Gratien;48.9735,2.28729;FR;19737
Saint-Gilles;43.68333,4.43333;FR;13231
Saint-Germain-en-Laye;48.9,2.08333;FR;41142
Saint-Genis-Laval;45.68333,4.8;FR;20883
Saint-Gaudens;43.11667,0.73333;FR;12193
Saint-Francois;46.41667,3.91667;FR;13577
Saint-Fons;45.7,4.86667;FR;16053
Saint-Fargeau-Ponthierry;48.55713,2.5284;FR;12097
Saint-Etienne-du-Rouvray;49.37794,1.10467;FR;28953
Saint-Etienne;45.43333,4.4;FR;176280
Saint-Esteve;42.7,2.85;FR;10403
Sainte-Savine;48.3,4.05;FR;11172
Saintes;45.75,-0.63333;FR;29512
Sainte-Maxime;43.30907,6.63849;FR;13582
Sainte-Luce-sur-Loire;47.25,-1.5;FR;13056
Sainte-Genevieve-des-Bois;48.63333,2.33333;FR;33689
Sainte-Foy-les-Lyon;45.73333,4.8;FR;21893
Saint-Egreve;45.23333,5.68333;FR;15904
Saint-Dizier;48.63333,4.95;FR;31918
Saint-Die-des-Vosges;48.28333,6.95;FR;24628
Saint-Denis;48.93333,2.36667;FR;96128
Saint-Cyr-sur-Mer;43.18333,5.71667;FR;12185
Saint-Cyr-sur-Loire;47.4,0.66667;FR;17337
Saint-Cyr-l'Ecole;48.8,2.06667;FR;16365
Saint-Cloud;48.83333,2.18333;FR;28839
Saint-Claude;46.38333,5.86667;FR;12418
Saint-Chamond;45.46667,4.5;FR;38014
Saint-Brieuc;48.51667,-2.78333;FR;52774
Saint-Brice-sous-Foret;49.00132,2.35361;FR;13606
Saint-Brevin-les-Pins;47.25,-2.16667;FR;10396
Saint-Avold;49.1,6.7;FR;18281
Saint-Avertin;47.36357,0.73993;FR;16007
Saint-Andre-les-Vergers;48.28333,4.05;FR;11203
Saint-Andre-lez-Lille;50.66667,3.05;FR;10931
Saint-Amand-Montrond;46.71667,2.51667;FR;11976
Saint-Amand-les-Eaux;50.43333,3.43333;FR;17808
Sable-sur-Sarthe;47.83765,-0.33294;FR;14734
Rumilly;45.86667,5.95;FR;13077
Rueil-Malmaison;48.8765,2.18967;FR;76616
Royan;45.63333,-1.03333;FR;19017
Rouen;49.44313,1.09932;FR;112787
Roubaix;50.7,3.16667;FR;95721
Rosny-sous-Bois;48.87017,2.4991;FR;41627
Roquebrune-sur-Argens;43.43333,6.63333;FR;12485
Roquebrune-Cap-Martin;43.76667,7.46667;FR;11834
Roncq;50.75,3.11667;FR;13387
Ronchin;50.6,3.1;FR;18331
Romorantin-Lanthenay;47.36667,1.75;FR;19953
Romilly-sur-Seine;48.51667,3.71667;FR;14566
Rombas;49.25,6.08333;FR;10942
Romans-sur-Isere;45.05,5.05;FR;35002
Romainville;48.8854,2.43482;FR;24772
Roissy-en-Brie;48.8,2.65;FR;20933
Rognac;43.48333,5.23333;FR;12254
Rodez;44.35423,2.57767;FR;28337
Roche-la-Moliere;45.43333,4.31667;FR;10372
Rochefort;45.93333,-0.98333;FR;29427
Roanne;46.03333,4.06667;FR;39840
Rixheim;47.76667,7.4;FR;13608
Rive-de-Gier;45.53333,4.61667;FR;14852
Ris-Orangis;48.65,2.41667;FR;25082
Riorges;46.03333,4.03333;FR;10763
Riom;45.9,3.11667;FR;20142
Rillieux-la-Pape;45.81667,4.9;FR;28076
Riedisheim;47.75,7.36667;FR;12724
Reze;47.2,-1.56667;FR;39248
Rennes;48.08333,-1.68333;FR;209375
Reims;49.25,4.03333;FR;196565
Ramonville-Saint-Agne;43.54618,1.47491;FR;12573
Rambouillet;48.65,1.83333;FR;26674
Raismes;50.38333,3.48333;FR;13719
Quimperle;47.86667,-3.55;FR;12312
Quimper;48,-4.1;FR;63849
Quetigny;47.31667,5.11667;FR;10372
Puteaux;48.88341,2.23894;FR;40646
Provins;48.55,3.3;FR;12685
Porto-Vecchio;41.59101,9.27947;FR;11820
Port-de-Bouc;43.40657,4.9809;FR;15934
Pornichet;47.26682,-2.33794;FR;10584
Pornic;47.11667,-2.1;FR;12897
Pont-Saint-Esprit;44.25,4.65;FR;10002
Pont-Sainte-Maxence;49.30168,2.60467;FR;13732
Pontoise;49.05,2.1;FR;30290
Pontivy;48.06667,-2.98333;FR;16752
Ponthierry;48.53366,2.54419;FR;12158
Pontarlier;46.90347,6.35542;FR;20313
Pont-a-Mousson;48.9,6.06667;FR;15411
Poitiers;46.58333,0.33333;FR;85960
Poissy;48.92902,2.04952;FR;36431
Plouzane;48.38333,-4.61667;FR;13118
Plougastel-Daoulas;48.36667,-4.36667;FR;13679
Ploufragan;48.48333,-2.78333;FR;11577
Ploemeur;47.73333,-3.43333;FR;20652
Plerin;48.53333,-2.78333;FR;13860
Plan-de-Cuques;43.35,5.46667;FR;11125
Plaisir;48.81667,1.95;FR;36121
Plaisance-du-Touch;43.56667,1.3;FR;18501
Pierrelatte;44.38333,4.7;FR;12691
Pierrefitte-sur-Seine;48.96691,2.36104;FR;27914
Pessac;44.8,-0.61667;FR;57944
Pertuis;43.68333,5.5;FR;19926
Perpignan;42.69764,2.89541;FR;110706
Pernes-les-Fontaines;44,5.05;FR;10868
Perigueux;45.18333,0.71667;FR;34770
Pau;43.3,-0.36667;FR;82697
Passy;45.91667,6.68333;FR;11613
Parthenay;46.65,-0.25;FR;11599
Paris;48.85341,2.3488;FR;2138551
Pantin;48.89437,2.40935;FR;52922
Panazol;45.83465,1.32759;FR;10055
Pamiers;43.11667,1.6;FR;16997
Palaiseau;48.71667,2.25;FR;31987
Ozoir-la-Ferriere;48.76667,2.66667;FR;22530
Oyonnax;46.25,5.66667;FR;25697
Outreau;50.70535,1.5897;FR;15648
Oullins;45.71667,4.8;FR;25592
Ostwald;48.55,7.71667;FR;11261
Osny;49.05937,2.06183;FR;16545
Orvault;47.26667,-1.61667;FR;25338
Orthez;43.48333,-0.76667;FR;11857
Orsay;48.7,2.18333;FR;17817
Orly;48.75,2.4;FR;20528
Orleans;47.91667,1.9;FR;124149
Orange;44.13333,4.8;FR;30530
Oloron-Sainte-Marie;43.19441,-0.61069;FR;12611
Olonne-sur-Mer;46.53333,-1.78333;FR;11157
Ollioules;43.13333,5.85;FR;13916
Olivet;47.86667,1.9;FR;22604
Oissel;49.33309,1.09413;FR;11495
Oignies;50.46667,2.98333;FR;10609
Octeville;49.61667,-1.65;FR;16951
Obernai;48.46667,7.48333;FR;12138
Noyon;49.58333,3;FR;15138
Noisy-le-Sec;48.89148,2.46451;FR;38955
Noisy-le-Grand;48.85,2.56667;FR;62420
Noisiel;48.85,2.63333;FR;15362
Nogent-sur-Oise;49.27158,2.47074;FR;19690
Nogent-sur-Marne;48.83333,2.48333;FR;31236
Nogent-le-Rotrou;48.31667,0.83333;FR;13128
Noeux-les-Mines;50.48333,2.66667;FR;11970
Niort;46.32313,-0.45877;FR;54660
Nimes;43.83333,4.35;FR;148236
Nice;43.70313,7.26608;FR;338620
Nevers;46.98956,3.159;FR;43988
Neuilly-sur-Seine;48.88333,2.26667;FR;61300
Neuilly-sur-Marne;48.85,2.53333;FR;34465
Neuilly-Plaisance;48.86342,2.506;FR;18725
Nemours;48.26667,2.7;FR;13933
Narbonne;43.18333,3;FR;50776
Nantes;47.21725,-1.55336;FR;277269
Nanterre;48.9,2.2;FR;86719
Nancy;48.68333,6.2;FR;105334
Muret;43.46667,1.35;FR;24313
Mulhouse;47.75,7.33333;FR;111430
Mouvaux;50.7,3.13333;FR;13285
Moulins;46.56667,3.33333;FR;23095
Mougins;43.6,7;FR;18973
Morsang-sur-Orge;48.66667,2.35;FR;19917
Morlaix;48.58333,-3.83333;FR;17516
Morangis;48.7,2.33333;FR;11369
Mont-Saint-Aignan;49.46307,1.09364;FR;23078
Montrouge;48.81667,2.31667;FR;38708
Montreuil;48.86415,2.44322;FR;90652
Montpellier;43.6,3.88333;FR;248252
Montmorency;48.98826,2.3434;FR;21156
Montmagny;48.97338,2.34688;FR;14708
Montlucon;46.33333,2.6;FR;44960
Montlouis-sur-Loire;47.38845,0.83208;FR;10137
Montivilliers;49.54518,0.18769;FR;16706
Montigny-les-Metz;49.1,6.15;FR;26369
Montigny-les-Cormeilles;48.98202,2.20035;FR;17910
Montigny-le-Bretonneux;48.76667,2.03333;FR;39063
Montigny-en-Gohelle;50.43333,2.93333;FR;10713
Montgeron;48.7,2.45;FR;22843
Montfermeil;48.8982,2.57913;FR;23829
Montfavet;43.93333,4.88333;FR;14000
Monteux;44.03333,5;FR;10828
Montesson;48.90924,2.13754;FR;15256
Montereau-Fault-Yonne;48.38333,2.95;FR;16993
Montelimar;44.56667,4.75;FR;35637
Mont-de-Marsan;43.89022,-0.49713;FR;36205
Montceau-les-Mines;46.66667,4.36667;FR;20221
Montbrison;45.6,4.05;FR;16164
Montbeliard;47.51667,6.8;FR;28865
Montauban;44.01667,1.35;FR;52434
Montataire;49.259,2.43777;FR;12031
Montargis;48,2.75;FR;17457
Mons-en-Baroeul;50.63333,3.11667;FR;23006
Mondeville;49.1706,-0.31798;FR;11582
Moissy-Cramayel;48.61667,2.6;FR;16259
Moissac;44.1,1.08333;FR;13703
Mitry-Mory;48.98333,2.61667;FR;18562
Miramas;43.58333,5;FR;24173
Mions;45.66667,4.95;FR;11424
Millau;44.1,3.08333;FR;23307
Meyzieu;45.76667,5;FR;28929
Meylan;45.23333,5.78333;FR;20267
Meudon;48.81667,2.23333;FR;44652
Metz;49.11911,6.17269;FR;123914
Meru;49.23333,2.13333;FR;13528
Merignac;44.83333,-0.63333;FR;69791
Mericourt;50.4,2.86667;FR;11580
Menton;43.77649,7.50435;FR;29649
Mennecy;48.56667,2.43333;FR;14646
Mende;44.51667,3.5;FR;14837
Melun;48.53333,2.66667;FR;38953
Meaux;48.95,2.86667;FR;53811
Mazamet;43.5,2.4;FR;11479
Mayenne;48.3,-0.61667;FR;15583
Maurepas;48.76667,1.91667;FR;19009
Mauguio;43.61667,4.01667;FR;18320
Maubeuge;50.27875,3.97267;FR;33684
Massy;48.73333,2.28333;FR;38768
Martigues;43.4,5.05;FR;45749
Marseille;43.3,5.4;FR;794811
Marquette-lez-Lille;50.67628,3.06613;FR;10832
Maromme;49.47925,1.02375;FR;12412
Marmande;44.5,0.16667;FR;19069
Marly;49.06667,6.15;FR;10997
Marly-le-Roi;48.86667,2.08333;FR;17404
Marly;50.35,3.55;FR;11681
Marignane;43.41667,5.21667;FR;35873
Marcq-en-Baroeul;50.66667,3.08333;FR;38629
Mantes-la-Ville;48.97374,1.70253;FR;19947
Mantes-la-Jolie;48.98333,1.71667;FR;44263
Manosque;43.83333,5.78333;FR;21351
Mandelieu-la-Napoule;43.55,6.93333;FR;19292
Malakoff;48.81667,2.3;FR;29420
Maisons-Laffitte;48.95264,2.14521;FR;22772
Maisons-Alfort;48.8,2.43333;FR;53964
Mainvilliers;48.45,1.46667;FR;10505
Macon;46.3,4.83333;FR;35484
Lys-lez-Lannoy;50.66667,3.21667;FR;13803
Lyon;45.75,4.85;FR;472317
L'Union;43.66042,1.48264;FR;12139
Luneville;48.6,6.5;FR;21582
Lunel;43.67778,4.13611;FR;26588
Lucon;46.45,-1.16667;FR;10140
Luce;48.43333,1.46667;FR;17780
Louviers;49.21667,1.16667;FR;19220
Lourdes;43.1,-0.05;FR;15786
Loudeac;48.16667,-2.75;FR;10552
Lormont;44.86667,-0.53333;FR;22636
Lorient;47.75,-3.36667;FR;58112
Loos;50.61667,3.01667;FR;22107
Lons-le-Saunier;46.66667,5.55;FR;20678
Lons;43.31667,-0.4;FR;13872
Longwy;49.51667,5.76667;FR;14695
Longuenesse;50.73395,2.2352;FR;13838
Longjumeau;48.7,2.3;FR;20771
Lomme;50.65,2.98333;FR;29892
Lognes;48.83333,2.61667;FR;15519
Livry-Gargan;48.9193,2.54305;FR;39518
L'Isle-sur-la-Sorgue;43.91667,5.05;FR;16968
L'Isle-d'Abeau;45.61667,5.23333;FR;12033
L'Isle-Adam;49.10744,2.22818;FR;11160
Lisieux;49.1466,0.22925;FR;24473
Lingolsheim;48.58155,7.70245;FR;17284
Limoux;43.05487,2.22173;FR;10844
Limoges;45.83153,1.2578;FR;141176
Limeil-Brevannes;48.73333,2.48333;FR;19104
Limay;48.99553,1.74081;FR;18559
Lillers;50.56667,2.48333;FR;10104
Lille;50.63333,3.06667;FR;228328
Lievin;50.41667,2.76667;FR;34370
Libourne;44.91667,-0.23333;FR;24240
L'Hay-les-Roses;48.78333,2.33333;FR;29703
Le Vesinet;48.89281,2.13308;FR;16740
Levallois-Perret;48.89389,2.28864;FR;62178
Les Sables-d'Olonne;46.5,-1.78333;FR;16105
Les Ponts-de-Ce;47.42315,-0.52477;FR;12915
Les Pennes-Mirabeau;43.41028,5.31306;FR;19871
Les Pavillons-sous-Bois;48.90683,2.50648;FR;19730
Les Mureaux;48.99173,1.90972;FR;32134
Les Lilas;48.87992,2.42057;FR;21124
Les Herbiers;46.86667,-1.01667;FR;15664
Les Clayes-sous-Bois;48.81667,1.98333;FR;17776
Le Relecq-Kerhuon;48.40691,-4.39359;FR;11911
Le Raincy;48.9,2.51667;FR;13246
Le Puy-en-Velay;45.04366,3.88523;FR;22718
Le Pre-Saint-Gervais;48.88549,2.40422;FR;17786
Le Pradet;43.1,6.01667;FR;12343
Le Portel;50.70559,1.57574;FR;11100
Le Pontet;43.96667,4.85;FR;16182
Le Pont-de-Claix;45.12443,5.7064;FR;11963
Le Plessis-Trevise;48.81667,2.56667;FR;18618
Le Plessis-Robinson;48.78333,2.26667;FR;22510
Le Petit-Quevilly;49.41338,1.06155;FR;22691
Le Perreux-sur-Marne;48.85,2.5;FR;32015
Le Pecq;48.89317,2.10371;FR;16534
Lens;50.43302,2.82791;FR;38265
Le Mee-sur-Seine;48.53333,2.63333;FR;22058
Le Mans;48,0.2;FR;144515
Le Kremlin-Bicetre;48.81667,2.36667;FR;27867
Le Havre;49.4938,0.10767;FR;185972
Le Grand-Quevilly;49.40076,1.04582;FR;26522
Le Creusot;46.80714,4.41632;FR;25590
Le Chesnay;48.83333,2.11667;FR;29154
Le Chambon-Feugerolles;45.4,4.31667;FR;13371
Le Cannet;43.57662,7.01912;FR;43353
Le Bouscat;44.86667,-0.61667;FR;24232
Le Bourget;48.93405,2.43584;FR;12690
Le Blanc-Mesnil;48.93872,2.46138;FR;48077
Laxou;48.68333,6.15;FR;16323
La Valette-du-Var;43.13333,5.98333;FR;23134
Laval;48.06667,-0.76667;FR;50489
Lattes;43.56667,3.9;FR;17390
La Trinite;43.75,7.31667;FR;10128
La Teste-de-Buch;44.63333,-1.15;FR;27253
La Seyne-sur-Mer;43.1,5.88333;FR;62330
La Roche-sur-Yon;46.66667,-1.43333;FR;59410
La Roche-sur-Foron;46.06667,6.31667;FR;10026
La Rochelle;46.16667,-1.15;FR;76810
La Queue-en-Brie;48.78333,2.58333;FR;11826
Laon;49.56667,3.61667;FR;28688
Lannion;48.73333,-3.46667;FR;21473
Lanester;47.75,-3.35;FR;24352
Landerneau;48.45252,-4.25252;FR;16052
La Motte-Servolex;45.6,5.88333;FR;13499
Lambersart;50.65,3.03333;FR;28613
Lamballe;48.46667,-2.51667;FR;12344
La Madeleine;50.64603,3.07585;FR;23572
Lagny-sur-Marne;48.86667,2.71667;FR;20649
La Garenne-Colombes;48.90472,2.2469;FR;26385
La Garde;43.11667,6.01667;FR;28257
La Fleche;47.69815,-0.07553;FR;18536
La Ferte-Bernard;48.18633,0.65357;FR;10201
La Defense;48.89187,2.23898;FR;20000
La Crau;43.15,6.06667;FR;17905
La Courneuve;48.92805,2.39627;FR;37287
La Ciotat;43.17476,5.60449;FR;33113
La Chapelle-sur-Erdre;47.3,-1.55;FR;18481
La Chapelle-Saint-Luc;48.33333,4.05;FR;14623
La Celle-Saint-Cloud;48.85,2.15;FR;21539
Kingersheim;47.8,7.33333;FR;12690
Juvisy-sur-Orge;48.68333,2.38333;FR;12376
Jouy-le-Moutier;49.01068,2.04028;FR;19087
Joue-les-Tours;47.35223,0.66906;FR;37466
Joinville-le-Pont;48.81667,2.46667;FR;18154
Joigny;47.98333,3.4;FR;11527
Jeumont;50.3,4.1;FR;10964
Jarville-la-Malgrange;48.66667,6.21667;FR;10248
Ivry-sur-Seine;48.81667,2.38333;FR;57897
Istres;43.51667,4.98333;FR;44373
Issy-les-Moulineaux;48.81667,2.26667;FR;61447
Issoudun;46.95,2;FR;14385
Issoire;45.55,3.25;FR;15984
Isbergues;50.61667,2.45;FR;10067
Illzach;47.78333,7.33333;FR;15457
Illkirch-Graffenstaden;48.53333,7.71667;FR;27261
Hyeres;43.11667,6.11667;FR;50487
Houilles;48.92161,2.19263;FR;31121
Hoenheim;48.61667,7.75;FR;10921
Hirson;49.91667,4.08333;FR;11133
Herouville-Saint-Clair;49.21088,-0.30653;FR;24258
Hericourt;47.58333,6.75;FR;10985
Herblay;48.98994,2.1699;FR;25153
Hennebont;47.8,-3.28333;FR;14288
Henin-Beaumont;50.41667,2.93333;FR;25371
Hendaye;43.36667,-1.78333;FR;14415
Hem;50.65256,3.18681;FR;19699
Hazebrouck;50.71667,2.53333;FR;23307
Hayange;49.33333,6.05;FR;15501
Hautmont;50.25077,3.92143;FR;15540
Yutz;49.35571,6.1926;FR;15659
Haubourdin;50.6,2.98333;FR;15694
Harnes;50.45,2.9;FR;13569
Halluin;50.78333,3.13333;FR;20171
Haguenau;48.81557,7.79051;FR;38721
Guyancourt;48.76667,2.06667;FR;31989
Gujan-Mestras;44.63333,-1.06667;FR;19184
Guipavas;48.43522,-4.39722;FR;13755
Guilherand-Granges;44.93333,4.86667;FR;11365
Gueret;46.16667,1.86667;FR;15853
Guerande;47.32911,-2.42829;FR;16523
Guebwiller;47.91667,7.2;FR;12548
Grigny;48.65,2.38333;FR;24940
Grenoble;45.16667,5.71667;FR;158552
Gravelines;50.98651,2.12807;FR;13137
Graulhet;43.76667,2;FR;13057
Grasse;43.66667,6.91667;FR;47581
Granville;48.83792,-1.59714;FR;14289
Grande-Synthe;51.0154,2.29975;FR;23213
Gradignan;44.76667,-0.61667;FR;24385
Goussainville;49.01367,2.46595;FR;30047
Gonesse;48.98693,2.44892;FR;26758
Givors;45.58333,4.76667;FR;18198
Gisors;49.28178,1.7801;FR;12363
Gif-sur-Yvette;48.68333,2.13333;FR;23541
Gien;47.69332,2.63094;FR;15966
Gerardmer;48.06667,6.88333;FR;10084
Gentilly;48.81667,2.33333;FR;15939
Gennevilliers;48.93333,2.3;FR;42294
Genas;45.73333,5;FR;12878
Garges-les-Gonesse;48.96791,2.39781;FR;39847
Gardanne;43.45,5.46667;FR;21140
Garches;48.85,2.18333;FR;18930
Gap;44.56667,6.08333;FR;42715
Gaillard;46.1853,6.20693;FR;11660
Gaillac;43.9,1.91667;FR;12600
Gagny;48.88333,2.53333;FR;38134
Frontignan;43.45,3.75;FR;22251
Freyming-Merlebach;49.15,6.78333;FR;14507
Fresnes;48.75568,2.32241;FR;24803
Frejus;43.43333,6.73333;FR;53098
Franconville;48.98333,2.23333;FR;34284
Francheville;45.73333,4.76667;FR;12053
Fourmies;50,4.05;FR;14151
Fougeres;48.35,-1.2;FR;23719
Fos-sur-Mer;43.43774,4.94457;FR;17317
Fosses;49.09808,2.50957;FR;10543
Forbach;49.18333,6.9;FR;21358
Fontenay-sous-Bois;48.85,2.48333;FR;52075
Fontenay-le-Fleury;48.81667,2.05;FR;12611
Fontenay-le-Comte;46.46667,-0.81667;FR;16316
Fontenay-aux-Roses;48.78333,2.28333;FR;24680
Fontainebleau;48.4,2.7;FR;19717
Fontaine;45.19839,5.68265;FR;24588
Florange;49.33333,6.11667;FR;10758
Floirac;44.83333,-0.53333;FR;16497
Fleury-les-Aubrais;47.93333,1.91667;FR;21085
Flers;48.75,-0.56667;FR;17430
Firminy;45.38333,4.3;FR;17902
Figeac;44.6,2.03333;FR;11491
Fecamp;49.75787,0.37457;FR;22003
Fameck;49.3,6.11667;FR;12291
Faches-Thumesnil;50.58333,3.06667;FR;16163
Eysines;44.88333,-0.65;FR;21394
Eybens;45.14867,5.74926;FR;10195
Evry;48.63333,2.45;FR;51900
Evreux;49.02414,1.15082;FR;57795
Etaples;50.52194,1.63319;FR;11397
Etampes;48.43333,2.15;FR;23012
La Baule-Escoublac;47.29221,-2.36395;FR;17775
Ermont;48.99004,2.25804;FR;28117
Eragny;49.01667,2.1;FR;15385
Equeurdreville-Hainneville;49.64868,-1.65306;FR;18862
Epinay-sur-Seine;48.9535,2.31514;FR;46145
Epinay-sous-Senart;48.68333,2.51667;FR;12826
Epinal;48.18333,6.45;FR;39518
Epernay;49.05,3.95;FR;27082
Enghien-les-Bains;48.96667,2.31667;FR;10951
Elbeuf;49.28669,1.00288;FR;17231
Elancourt;48.78333,1.95;FR;30831
Ecully;45.76667,4.76667;FR;19437
Echirolles;45.1439,5.72883;FR;33088
Eaubonne;48.99712,2.28249;FR;24096
Dunkerque;51.05,2.36667;FR;71287
Dugny;48.95371,2.41734;FR;10709
Dreux;48.73333,1.36667;FR;31058
Draveil;48.68333,2.41667;FR;29316
Drancy;48.92578,2.44533;FR;62488
Draguignan;43.53333,6.46667;FR;38573
Dourdan;48.53333,2.01667;FR;10261
Douchy-les-Mines;50.3,3.38333;FR;10296
Douarnenez;48.09542,-4.32904;FR;16590
Douai;50.36667,3.06667;FR;46531
Domont;49.02782,2.32638;FR;16684
Dole;47.1,5.5;FR;25878
Dinard;48.63333,-2.06667;FR;11993
Dinan;48.45,-2.03333;FR;12237
Dijon;47.31667,5.01667;FR;149782
Digne-les-Bains;44.1,6.23333;FR;18986
Dieppe;49.93333,1.08333;FR;35707
Deville-les-Rouen;49.46942,1.05214;FR;10548
Deuil-la-Barre;48.97674,2.32722;FR;21560
Denain;50.33333,3.38333;FR;21412
Decines-Charpieu;45.75,4.96667;FR;24674
Dax;43.71032,-1.05366;FR;22305
Dammarie-les-Lys;48.51667,2.65;FR;21066
Cusset;46.13333,3.46667;FR;14562
Cugnaux;43.53635,1.34428;FR;15393
Croix;50.66667,3.15;FR;21361
Croissy-sur-Seine;48.87925,2.13836;FR;10751
Creutzwald;49.2,6.68333;FR;14416
Creteil;48.78333,2.46667;FR;84833
Crepy-en-Valois;49.23359,2.88807;FR;15694
Creil;49.25672,2.48477;FR;31863
Cran-Gevrier;45.9,6.1;FR;19354
Courrieres;50.45,2.93333;FR;10330
Cournon-d'Auvergne;45.75,3.21667;FR;18848
Courcouronnes;48.61667,2.4;FR;14856
Courbevoie;48.89672,2.25666;FR;85158
Coulommiers;48.81451,3.08498;FR;15274
Coueron;47.21667,-1.73333;FR;19466
Coudekerque-Branche;51.02288,2.39359;FR;25201
Cosne-Cours-sur-Loire;47.41101,2.92528;FR;11613
Cormeilles-en-Parisis;48.97111,2.20491;FR;21973
Corbeil-Essonnes;48.6,2.48333;FR;40527
Conflans-Sainte-Honorine;49.00158,2.09694;FR;36358
Conde-sur-l'Escaut;50.45,3.58333;FR;10215
Concarneau;47.87502,-3.92245;FR;21397
Compiegne;49.41794,2.82606;FR;44243
Comines;50.76667,3.01667;FR;12548
Combs-la-Ville;48.66667,2.56667;FR;22322
Pontault-Combault;48.79813,2.60676;FR;34798
Colomiers;43.61667,1.35;FR;31363
Colombes;48.91882,2.25404;FR;82300
Colmar;48.08333,7.36667;FR;65405
Cognac;45.7,-0.33333;FR;20868
Cluses;46.06251,6.57497;FR;19789
Clichy-sous-Bois;48.9102,2.55324;FR;29062
Clichy;48.90018,2.30952;FR;57467
Clermont-Ferrand;45.78333,3.08333;FR;138681
Clermont;49.38333,2.4;FR;11025
Claye-Souilly;48.94492,2.68566;FR;11069
Clamart;48.8,2.26667;FR;51400
Varennes-Vauzelles;47.01678,3.14037;FR;10464
Cholet;47.06667,-0.88333;FR;53160
Choisy-le-Roi;48.76667,2.41667;FR;35590
Chilly-Mazarin;48.7,2.3;FR;18870
Chevilly-Larue;48.76667,2.35;FR;20125
Chevigny-Saint-Sauveur;47.29908,5.13367;FR;10620
Cherbourg-Octeville;49.63984,-1.61636;FR;26655
Chenove;47.29323,5.00457;FR;15791
Chennevieres-sur-Marne;48.8,2.51667;FR;18314
Chelles;48.88109,2.59295;FR;46947
Chaville;48.8,2.2;FR;18735
Chauny;49.61514,3.21857;FR;13176
Chaumont;48.11667,5.13333;FR;28981
Chatou;48.8898,2.15863;FR;30091
Chatillon;48.8,2.28333;FR;32383
Chatenay-Malabry;48.76667,2.26667;FR;32715
Chatellerault;46.8,0.53333;FR;37210
Chateau-Thierry;49.05,3.4;FR;15938
Chateauroux;46.81667,1.7;FR;53301
Chateaurenard;43.88333,4.85;FR;14205
Chateauneuf-les-Martigues;43.38333,5.16667;FR;11496
Chateau-Gontier;47.83333,-0.7;FR;12292
Chateaudun;48.08333,1.33333;FR;16006
Chateau-d'Olonne;46.5,-1.73333;FR;13420
Chateaubriant;47.71667,-1.38333;FR;13024
Chartres;48.44685,1.48925;FR;43838
Charleville-Mezieres;49.76667,4.71667;FR;52415
Charenton-le-Pont;48.81667,2.41667;FR;30910
Chantilly;49.19461,2.47124;FR;11085
Champs-sur-Marne;48.85,2.6;FR;27776
Champigny-sur-Marne;48.81667,2.51667;FR;76726
Chamonix-Mont-Blanc;45.92495,6.87504;FR;10614
Chambray-les-Tours;47.33537,0.70286;FR;10910
Chambery;45.56667,5.93333;FR;61640
Chamalieres;45.78333,3.06667;FR;20298
Chalon-sur-Saone;46.78333,4.85;FR;47251
Chalons-en-Champagne;48.95,4.36667;FR;51257
Challans;46.85,-1.88333;FR;18947
Chalette-sur-Loing;48.01667,2.73333;FR;14268
Cestas;44.73333,-0.68333;FR;18036
Cesson-Sevigne;48.1212,-1.603;FR;16222
Cernay;47.8097,7.17699;FR;11127
Cergy-Pontoise;49.04117,2.08107;FR;55555
Cergy;49.03645,2.07613;FR;57576
Cenon;44.85,-0.53333;FR;22393
Cayenne;49.55858,1.62803;FR;58492
Cavaillon;43.91667,5.28333;FR;26305
Cavaillon;43.83333,5.03333;FR;26689
Caudry;50.13333,3.41667;FR;13862
Caudebec-les-Elbeuf;49.28082,1.02195;FR;10104
Castres;43.6,2.25;FR;47275
Castelsarrasin;44.03333,1.1;FR;13260
Castelnau-le-Lez;43.63333,3.9;FR;18011
Castelnaudary;43.31667,1.95;FR;12432
Castanet-Tolosan;43.51667,1.5;FR;11561
Carvin;50.49235,2.95815;FR;18561
Carros;43.8,7.18333;FR;10883
Carrieres-sur-Seine;48.90687,2.1792;FR;12829
Carrieres-sous-Poissy;48.94952,2.04068;FR;15465
Carquefou;47.3,-1.5;FR;18056
Carpentras;44.05,5.05;FR;29709
Carmaux;44.05,2.15;FR;10413
Carcassonne;43.21667,2.35;FR;49600
Canteleu;49.44065,1.02459;FR;15742
Cannes;43.55135,7.01275;FR;70011
Canet-en-Roussillon;42.7,3.01667;FR;11148
Cambrai;50.16667,3.23333;FR;36492
Caluire-et-Cuire;45.8,4.85;FR;42763
Calais;50.9581,1.85205;FR;74433
Cahors;44.4491,1.43663;FR;23331
Cagnes-sur-Mer;43.66667,7.15;FR;46923
Caen;49.18109,-0.37122;FR;110624
Cachan;48.78333,2.33333;FR;26540
Bussy-Saint-Georges;48.84099,2.70165;FR;10043
Bures-sur-Yvette;48.7,2.16667;FR;10411
Bully-les-Mines;50.43333,2.71667;FR;11975
Bry-sur-Marne;48.83333,2.51667;FR;16226
Bruz;48.03333,-1.75;FR;14533
Brunoy;48.7,2.5;FR;24096
Bruges;44.88333,-0.61667;FR;12650
Bruay-sur-l'Escaut;50.38333,3.53333;FR;11690
Bruay-la-Buissiere;50.48333,2.55;FR;24474
Bron;45.73333,4.91667;FR;37825
Brive-la-Gaillarde;45.15,1.53333;FR;53466
Brignoles;43.4,6.06667;FR;15027
Brignais;45.66667,4.75;FR;12427
Brie-Comte-Robert;48.68333,2.61667;FR;15892
Briancon;44.9,6.65;FR;11577
Bretigny-sur-Orge;48.61667,2.31667;FR;24317
Brest;48.4,-4.48333;FR;144899
Bressuire;46.85,-0.48333;FR;20743
Bourgoin;45.58333,5.28333;FR;24790
Bourg-les-Valence;44.95,4.88333;FR;19770
Bourg-la-Reine;48.78333,2.31667;FR;18870
Bourges;47.08333,2.4;FR;67987
Bourg-en-Bresse;46.2,5.21667;FR;45340
Bourg-de-Peage;45.03333,5.05;FR;10090
Boulogne-sur-Mer;50.71667,1.61667;FR;47013
Boulogne-Billancourt;48.83333,2.25;FR;108782
Bouguenais;47.18333,-1.61667;FR;16824
Bouc-Bel-Air;43.45,5.41667;FR;13184
Bordeaux;44.83333,-0.56667;FR;231844
Bonneville;46.0802,6.40726;FR;11722
Bonneuil-sur-Marne;48.76667,2.48333;FR;18723
Bondy;48.9018,2.48931;FR;48268
Bondues;50.7,3.1;FR;11285
Bollene;44.28333,4.75;FR;14703
Bolbec;49.57321,0.47339;FR;13133
Boissy-Saint-Leger;48.75,2.51667;FR;15877
Bois-Guillaume;49.4602,1.12219;FR;13711
Bois-d'Arcy;48.8,2.01667;FR;13475
Bois-Colombes;48.91936,2.27484;FR;24300
Bobigny;48.9,2.45;FR;44962
Blois;47.58333,1.33333;FR;53660
Blanquefort;44.91667,-0.63333;FR;16636
Blagnac;43.63333,1.4;FR;24263
Bischwiller;48.76667,7.86667;FR;12308
Bischheim;48.61667,7.75;FR;17434
Biscarrosse;44.39454,-1.16721;FR;10716
Billere;43.3,-0.4;FR;14914
Biarritz;43.48333,-1.56667;FR;33188
Bezons;48.92426,2.2128;FR;27570
Beziers;43.34762,3.21899;FR;74081
Bethune;50.53333,2.63333;FR;31568
Besancon;47.25,6.03333;FR;128426
Berre-l'Etang;43.47809,5.17044;FR;14062
Bernay;49.08888,0.59858;FR;12399
Bergerac;44.85,0.48333;FR;28317
Berck;50.4,1.6;FR;15609
Berck-Plage;50.40704,1.56446;FR;15675
Bellegarde-sur-Valserine;46.10787,5.82421;FR;11699
Belfort;47.63333,6.86667;FR;54562
Behren-les-Forbach;49.16667,6.95;FR;10225
Begles;44.8,-0.53333;FR;23504
Beauvais;49.43333,2.08333;FR;53393
Beausoleil;43.75,7.43333;FR;13376
Beaune;47.03333,4.83333;FR;24162
Beaumont;45.75,3.1;FR;12295
Beaucaire;43.80806,4.64417;FR;14766
Bayonne;43.48333,-1.48333;FR;44396
Bayeux;49.26667,-0.7;FR;15963
Bastia;42.70278,9.45;FR;41001
Bar-le-Duc;48.78333,5.16667;FR;18595
Barentin;49.54533,0.95515;FR;13441
Balma;43.61667,1.5;FR;15553
Bailleul;50.73333,2.73333;FR;14884
Bagnols-sur-Ceze;44.16667,4.61667;FR;19640
Bagnolet;48.86667,2.41667;FR;33504
Bagneux;48.8,2.3;FR;38900
Avrille;47.5,-0.58333;FR;13723
Avon;48.4,2.71667;FR;15009
Avion;50.4,2.83333;FR;18470
Avignon;43.95,4.81667;FR;89769
Auxerre;47.8,3.56667;FR;41516
Autun;46.95,4.3;FR;18283
Aurillac;44.91667,2.45;FR;34724
Auray;47.66667,-2.98333;FR;12269
Aulnay-sous-Bois;48.93814,2.49402;FR;80615
Audincourt;47.48333,6.83333;FR;15577
Auchel;50.5,2.46667;FR;11419
Auch;43.65,0.58333;FR;24494
Aubiere;45.75,3.11667;FR;11054
Aubervilliers;48.91667,2.38333;FR;70914
Aubergenville;48.95996,1.85467;FR;11934
Aubenas;44.61667,4.38333;FR;13134
Aubagne;43.28333,5.56667;FR;44844
Athis-Mons;48.71667,2.4;FR;31225
Asnieres-sur-Seine;48.91667,2.28333;FR;86742
Arras;50.29301,2.78186;FR;47052
Arnouville;48.98333,2.41667;FR;12783
Armentieres;50.68333,2.88333;FR;26646
Arles;43.67681,4.63031;FR;53431
Argenteuil;48.95,2.25;FR;101475
Argentan;48.75,-0.01667;FR;18230
Argelers;42.54714,3.02253;FR;10044
Arcueil;48.8,2.33333;FR;17308
Arcachon;44.65,-1.16667;FR;12321
Apt;43.88333,5.4;FR;11609
Anzin;50.36667,3.5;FR;14443
Antony;48.75,2.3;FR;59845
Antibes;43.58333,7.11667;FR;76393
Annonay;45.23333,4.66667;FR;18423
Annoeullin;50.52925,2.9318;FR;10528
Annemasse;46.19439,6.23775;FR;28275
Annecy-le-Vieux;45.91667,6.15;FR;21521
Annecy;45.9,6.11667;FR;49232
Aniche;50.33333,3.25;FR;10108
Angouleme;45.65,0.15;FR;49468
Anglet;43.48333,-1.53333;FR;40658
Angers;47.46667,-0.55;FR;168279
Andresy;48.98234,2.05687;FR;12929
Andernos-les-Bains;44.74572,-1.10355;FR;10236
Amneville;49.26667,6.15;FR;10162
Amilly;47.98333,2.76667;FR;13106
Amiens;49.9,2.3;FR;143086
Amboise;47.41249,0.98266;FR;12685
Amberieu-en-Bugey;45.95,5.35;FR;13260
Ambares-et-Lagrave;44.91667,-0.48333;FR;12955
Allonnes;47.9674,0.15807;FR;11949
Allauch;43.33333,5.48333;FR;21406
Alfortville;48.8,2.41667;FR;37290
Ales;44.13333,4.08333;FR;42410
Alencon;48.43333,0.08333;FR;30786
Albi;43.93333,2.15;FR;52409
Albertville;45.67452,6.39061;FR;19113
Albert;50,2.65;FR;10588
Ajaccio;41.91667,8.73333;FR;54364
Aix-les-Bains;45.7,5.91667;FR;27651
Aix-en-Provence;43.5283,5.44973;FR;146821
Aire-sur-la-Lys;50.63871,2.39876;FR;10397
Agen;44.2,0.63333;FR;34367
Agde;43.31083,3.47583;FR;23001
Acheres;48.96116,2.06882;FR;22555
Abbeville;50.1,1.83333;FR;26461
Villeneuve-d'Ascq;50.61669,3.16664;FR;62400
Les Ulis;48.68167,2.16944;FR;25785
Bourgoin-Jallieu;45.58611,5.27361;FR;23517
Val-de-Reuil;49.27385,1.21021;FR;13824